C27,C40,C54,C56,C57,C58,hour,SOC27,SOC40,SOC54,SOC56,SOC57,SOC58
0.0,0.0,0.0,0.0,0.0,0.0,1,0.0,0.0,0.0,13028.834722395684,59437.43432242842,8618.047824426209
0.0,0.0,0.0,0.0,0.0,0.0,2,0.0,0.0,0.0,13028.834722395684,59437.43432242842,8618.047824426209
0.0,0.0,0.0,0.0,0.0,0.0,3,0.0,0.0,0.0,13028.834722395684,59437.43432242842,8618.047824426209
0.0,0.0,0.0,0.0,0.0,0.0,4,0.0,0.0,0.0,13028.834722395684,59437.43432242842,8618.047824426209
0.0,0.0,0.0,0.0,0.0,0.0,5,0.0,0.0,0.0,13028.834722395684,59437.43432242841,8618.047824426209
0.0,0.0,0.0,0.0,0.0,0.0,6,0.0,0.0,0.0,13028.834722395684,59437.43432242842,8618.047824426209
0.0,0.0,0.0,0.0,0.0,0.0,7,0.0,0.0,0.0,13028.834722395684,59437.43432242842,8618.047824426209
0.0,0.0,0.0,0.0,0.0,0.0,8,0.0,0.0,0.0,13028.834722395684,59437.43432242842,8618.047824426209
0.0,0.0,0.0,0.0,0.0,0.0,9,0.0,0.0,0.0,13028.834722395684,59437.43432242842,8618.047824426209
0.0,0.0,0.0,0.0,0.0,0.0,10,0.0,0.0,0.0,13028.834722395684,59437.43432242842,8618.047824426209
0.0,0.0,0.0,0.0,0.0,0.0,11,0.0,0.0,0.0,13028.834722395684,59437.43432242842,8618.047824426209
0.0,0.0,0.0,0.0,0.0,0.0,12,0.0,0.0,0.0,13028.834722395684,59437.43432242842,8618.047824426209
0.0,0.0,0.0,0.0,0.0,0.0,13,0.0,0.0,0.0,13028.834722395684,59437.43432242842,8618.047824426209
0.0,0.0,0.0,0.0,0.0,0.0,14,0.0,0.0,0.0,13028.834722395684,59437.43432242842,8618.047824426209
0.0,0.0,0.0,0.0,0.0,0.0,15,0.0,0.0,0.0,13028.834722395684,59437.43432242842,8618.047824426209
0.0,0.0,0.0,0.0,0.0,0.0,16,0.0,0.0,0.0,13028.834722395684,59437.43432242842,8618.047824426209
0.0,0.0,0.0,0.0,0.0,0.0,17,0.0,0.0,0.0,13028.834722395684,59437.43432242842,8618.047824426209
0.0,0.0,0.0,0.0,0.0,0.0,18,0.0,0.0,0.0,13028.834722395684,59437.43432242842,8618.047824426209
0.0,0.0,0.0,0.0,0.0,0.0,19,0.0,0.0,0.0,13028.834722395684,59437.43432242842,8618.047824426209
0.0,0.0,0.0,0.0,0.0,0.0,20,0.0,0.0,0.0,13028.834722395684,59437.43432242842,8618.047824426209
0.0,0.0,0.0,0.0,0.0,0.0,21,0.0,0.0,0.0,13028.834722395684,59437.43432242842,8618.047824426209
0.0,0.0,0.0,0.0,0.0,0.0,22,0.0,0.0,0.0,13028.834722395684,59437.43432242842,8618.047824426209
0.0,0.0,0.0,0.0,0.0,0.0,23,0.0,0.0,0.0,13028.834722395684,59437.43432242842,8618.047824426209
0.0,0.0,0.0,0.0,0.0,0.0,24,0.0,0.0,0.0,13028.834722395684,59437.43432242842,8618.047824426209
0.0,0.0,0.0,0.0,0.0,0.0,25,0.0,0.0,0.0,13028.834722395684,41181.76226773408,8618.047824426209
0.0,0.0,0.0,0.0,0.0,0.0,26,0.0,0.0,0.0,13028.834722395684,41181.76226773408,8618.047824426209
0.0,0.0,0.0,0.0,0.0,0.0,27,0.0,0.0,0.0,13028.834722395684,41181.76226773408,8618.047824426209
0.0,0.0,0.0,0.0,0.0,0.0,28,0.0,0.0,0.0,13028.834722395684,41181.76226773408,8618.047824426209
0.0,0.0,0.0,0.0,0.0,0.0,29,0.0,0.0,0.0,13028.834722395684,28018.77939401425,5009.736210686338
0.0,0.0,0.0,0.0,0.0,0.0,30,0.0,0.0,0.0,12281.158081321444,28018.77939401425,2123.086919694446
0.0,0.0,0.0,0.0,0.0,0.0,31,0.0,0.0,0.0,8542.774875950245,26065.576560992406,2123.086919694446
0.0,0.0,0.0,0.0,0.0,0.0,32,0.0,0.0,0.0,8542.774875950245,26065.576560992406,2123.086919694446
0.0,0.0,0.0,0.0,5152.4110686967515,0.0,33,0.0,0.0,0.0,8542.774875950245,28887.66832885691,2123.086919694446
0.0,0.0,0.0,0.0,8976.578665045345,1976.353665353194,34,0.0,0.0,0.0,8542.774875950245,33804.342952921856,3205.5804038164065
0.0,0.0,0.0,2047.596810180273,11591.877491195159,1976.3536653531937,35,0.0,0.0,0.0,9664.289837561606,40153.47573868584,4288.073887938366
0.0,0.0,0.0,2047.5968101802732,11591.877491195159,1976.3536653531937,36,0.0,0.0,0.0,10785.804799172964,46502.608524449824,5370.567372060326
0.0,0.0,0.0,2047.596810180273,11591.877491195159,1976.353665353194,37,0.0,0.0,0.0,11907.319760784323,52851.7413102138,6453.060856182287
0.0,0.0,0.0,2047.596810180273,9901.69664674152,1976.3536653531937,38,0.0,0.0,0.0,13028.834722395684,58275.1239212074,7535.5543403042475
0.0,0.0,0.0,0.0,2122.078751905436,1976.3536653531937,39,0.0,0.0,0.0,13028.834722395684,59437.43432242842,8618.047824426209
0.0,0.0,0.0,0.0,0.0,0.0,40,0.0,0.0,0.0,13028.834722395684,59437.43432242842,8618.047824426209
0.0,0.0,0.0,0.0,0.0,0.0,41,0.0,0.0,0.0,11792.55149330909,59437.43432242842,6838.645350968732
0.0,0.0,0.0,0.0,0.0,0.0,42,0.0,0.0,0.0,11792.55149330909,59437.43432242842,6838.645350968732
0.0,0.0,0.0,0.0,0.0,0.0,43,0.0,0.0,0.0,8542.774875950245,41181.76226773408,5971.187851225103
0.0,0.0,0.0,0.0,0.0,0.0,44,0.0,0.0,0.0,8542.774875950245,41181.76226773408,5971.187851225103
0.0,0.0,0.0,2047.596810180273,0.0,1122.149759021156,45,0.0,0.0,0.0,9664.289837561606,41181.76226773408,6585.8145871399765
0.0,0.0,0.0,2047.596810180273,0.0,1735.1168275955804,46,0.0,0.0,0.0,10785.804799172964,41181.76226773408,7536.1772135208785
0.0,0.0,0.0,2047.596810180273,0.0,1579.3504043189728,47,0.0,0.0,0.0,11907.319760784323,41181.76226773408,8401.223056171284
0.0,0.0,0.0,2047.596810180273,0.0,395.8660553301701,48,0.0,0.0,0.0,13028.834722395684,41181.76226773408,8618.047824426209
0.0,0.0,0.0,0.0,0.0,0.0,49,0.0,0.0,0.0,10982.736556775215,37095.23603337417,6224.111596300296
0.0,0.0,0.0,0.0,0.0,0.0,50,0.0,0.0,0.0,7244.3533514040155,37095.23603337417,5587.017386826292
0.0,0.0,0.0,0.0,0.0,0.0,51,0.0,0.0,0.0,3505.970146032818,37095.23603337417,4061.1451253018754
0.0,0.0,0.0,0.0,0.0,0.0,52,0.0,0.0,0.0,1894.0359475130288,32585.102276072474,4061.1451253018754
0.0,0.0,0.0,0.0,0.0,0.0,53,0.0,0.0,0.0,931.1952607091075,25659.54501142782,4061.1451253018754
0.0,0.0,0.0,0.0,0.0,0.0,54,0.0,0.0,0.0,0.0,25659.54501142782,4061.1451253018754
0.0,0.0,0.0,1115.9188253215877,5201.821761959608,1976.3536653531937,55,0.0,0.0,0.0,611.2139129733007,28508.700130574365,5143.638609423835
0.0,0.0,0.0,1778.1701170888757,11591.877491195157,1976.3536653531937,56,0.0,0.0,0.0,1585.1577971844802,34857.832916338346,6226.132093545795
0.0,0.0,0.0,2047.596810180273,11591.877491195159,1976.3536653531937,57,0.0,0.0,0.0,2706.6727587958394,41206.96570210233,7308.625577667755
0.0,0.0,0.0,700.2975083525881,11591.87749119516,1976.3536653531937,58,0.0,0.0,0.0,3090.241501085215,47556.09848786632,8391.119061789715
0.0,0.0,0.0,1472.2009538441544,8720.460908080875,356.28564881929674,59,0.0,0.0,0.0,3896.5991726862803,52332.4916390642,8586.264748563408
0.0,0.0,0.0,2047.596810180273,6810.4946137765555,58.02769198983244,60,0.0,0.0,0.0,5018.114134297639,56062.75316679705,8618.047824426201
0.0,0.0,0.0,2047.596810180273,4171.487433859481,0.0,61,0.0,0.0,0.0,6139.629095908998,58347.570932671224,8618.047824426201
0.0,0.0,0.0,2047.596810180273,1989.8092105635176,0.0,62,0.0,0.0,0.0,7261.144057520359,59437.43432242842,8618.047824426207
0.0,0.0,0.0,2047.596810180273,0.0,0.0,63,0.0,0.0,0.0,8382.659019131717,59437.43432242842,5009.736210686338
0.0,0.0,0.0,2047.596810180273,0.0,0.0,64,0.0,0.0,0.0,9504.173980743077,59437.43432242842,4672.264555542202
0.0,0.0,0.0,447.5498544061883,0.0,0.0,65,0.0,0.0,0.0,9749.3071316095,49965.47541342078,1063.9529418023353
0.0,0.0,0.0,0.0,0.0,0.0,66,0.0,0.0,0.0,9071.307412423621,41213.01946338818,0.0
0.0,0.0,0.0,96.6883354340938,0.0,1976.3536653531937,67,0.0,0.0,0.0,9124.2657947885,41213.01946338818,1082.4934841219604
0.0,0.0,0.0,1268.139089816886,0.0,1976.3536653531937,68,0.0,0.0,0.0,9818.854180335278,41213.01946338818,2164.9869682439207
0.0,0.0,0.0,1972.5466015507714,0.0,1976.3536653531937,69,0.0,0.0,0.0,10899.26244973479,37095.23603337417,3247.4804523658813
0.0,0.0,0.0,2047.596810180273,0.0,1976.3536653531937,70,0.0,0.0,0.0,12020.777411346151,37095.23603337417,4329.9739364878415
0.0,0.0,0.0,981.4862341145891,0.0,1976.3536653531937,71,0.0,0.0,0.0,12558.359561651507,37095.23603337417,5412.467420609802
0.0,0.0,0.0,858.9661942848471,0.0,1976.3536653531937,72,0.0,0.0,0.0,13028.83472239568,37095.23603337417,6494.960904731762
0.0,0.0,0.0,0.0,0.0,0.0,73,0.0,0.0,0.0,7349.458993002356,12372.633619340122,2905.6768561013796
0.0,0.0,0.0,0.0,0.0,0.0,74,0.0,0.0,0.0,7349.458993002356,12372.633619340122,2905.6768561013796
0.0,0.0,0.0,0.0,0.0,0.0,75,0.0,0.0,0.0,7349.458993002356,12372.633619340122,2905.6768561013796
0.0,0.0,0.0,0.0,0.0,0.0,76,0.0,0.0,0.0,7349.458993002356,12372.633619340122,2905.6768561013796
0.0,0.0,0.0,0.0,0.0,0.0,77,0.0,0.0,0.0,7349.458993002356,12372.633619340122,0.0
0.0,0.0,0.0,0.0,0.0,0.0,78,0.0,0.0,0.0,4056.7150295048073,12372.633619340122,0.0
0.0,0.0,0.0,2047.5968101802728,0.0,1071.7510763214677,79,0.0,0.0,0.0,5178.229991116167,12372.633619340122,587.0222405317088
0.0,0.0,0.0,2047.596810180273,11591.877491195159,1976.353665353194,80,0.0,0.0,0.0,6299.744952727526,18721.766405104103,1669.5157246536692
0.0,0.0,0.0,2047.596810180273,11591.877491195157,1976.353665353194,81,0.0,0.0,0.0,7421.259914338885,25070.899190868084,2752.0092087756298
0.0,0.0,0.0,2047.596810180273,11591.877491195159,1976.3536653531937,82,0.0,0.0,0.0,8542.774875950245,31420.031976632068,3834.50269289759
0.0,0.0,0.0,2047.5968101802732,11591.877491195159,1976.3536653531937,83,0.0,0.0,0.0,9664.289837561606,37769.164762396045,4916.99617701955
0.0,0.0,0.0,2047.596810180273,11591.877491195159,1976.3536653531935,84,0.0,0.0,0.0,10785.804799172964,44118.29754816004,5999.48966114151
0.0,0.0,0.0,2047.596810180273,11591.877491195159,1976.3536653531935,85,0.0,0.0,0.0,11907.319760784323,50467.43033392402,7081.983145263471
0.0,0.0,0.0,2047.596810180273,11591.877491195159,1976.3536653531935,86,0.0,0.0,0.0,13028.834722395684,56816.563119688,8164.476629385431
0.0,0.0,0.0,0.0,4785.034260188742,828.1039165280292,87,0.0,0.0,0.0,13028.834722395684,59437.43432242842,8618.047824426209
0.0,0.0,0.0,0.0,0.0,0.0,88,0.0,0.0,0.0,13028.834722395684,59437.43432242842,8618.047824426209
0.0,0.0,0.0,0.0,0.0,0.0,89,0.0,0.0,0.0,13028.834722395684,38273.658369881814,8618.047824426209
0.0,0.0,0.0,0.0,0.0,0.0,90,0.0,0.0,0.0,13028.834722395684,38273.658369881814,8618.047824426209
0.0,0.0,0.0,0.0,0.0,0.0,91,0.0,0.0,0.0,13028.834722395684,25583.0018978144,5009.736210686338
0.0,0.0,0.0,0.0,0.0,0.0,92,0.0,0.0,0.0,13028.834722395684,14182.472129072621,5009.736210686338
0.0,0.0,0.0,0.0,0.0,0.0,93,0.0,0.0,0.0,9290.451517024485,12372.633619340122,5009.736210686338
0.0,0.0,0.0,0.0,0.0,0.0,94,0.0,0.0,0.0,9290.451517024485,12372.633619340122,5009.736210686338
0.0,0.0,0.0,0.0,0.0,0.0,95,0.0,0.0,0.0,9158.733095331048,12372.633619340122,2905.6768561013796
0.0,0.0,0.0,0.0,0.0,0.0,96,0.0,0.0,0.0,7349.458993002356,12372.633619340122,2905.6768561013796
0.0,0.0,0.0,0.0,0.0,0.0,97,0.0,0.0,0.0,13028.834722395684,22603.0343560825,8618.047824426209
0.0,0.0,0.0,0.0,0.0,0.0,98,0.0,0.0,0.0,13028.834722395684,22603.0343560825,8618.047824426209
0.0,0.0,0.0,0.0,0.0,0.0,99,0.0,0.0,0.0,13028.834722395684,22603.0343560825,8618.047824426209
0.0,0.0,0.0,0.0,0.0,0.0,100,0.0,0.0,0.0,13028.834722395684,22603.0343560825,8618.047824426209
0.0,0.0,0.0,0.0,0.0,0.0,101,0.0,0.0,0.0,9587.336320775303,22603.0343560825,7941.641876331796
0.0,0.0,0.0,0.0,0.0,0.0,102,0.0,0.0,0.0,8761.520779501585,15628.5478346934,4333.330262591928
0.0,0.0,0.0,0.0,0.0,0.0,103,0.0,0.0,0.0,8761.520779501585,15628.5478346934,4333.330262591928
0.0,0.0,0.0,2047.596810180273,10394.968522695526,0.0,104,0.0,0.0,0.0,9883.035741112943,21322.10657912989,4333.330262591928
0.0,0.0,0.0,2047.5968101802728,11591.877491195157,1976.3536653531937,105,0.0,0.0,0.0,11004.550702724302,27671.239364893867,5415.823746713888
0.0,0.0,0.0,2047.5968101802728,11591.877491195157,1976.3536653531937,106,0.0,0.0,0.0,12126.065664335663,34020.372150657844,6498.317230835848
0.0,0.0,0.0,1460.1459748643474,11591.877491195157,1976.3536653531937,107,0.0,0.0,0.0,12925.820552019235,40369.50493642182,7580.810714957808
0.0,0.0,0.0,0.0,11591.877491195157,1893.7272077909902,108,0.0,0.0,0.0,12925.820552019235,46718.637722185806,8618.047824426209
0.0,0.0,0.0,0.0,10046.14460888259,0.0,109,0.0,0.0,0.0,12925.820552019235,52221.13774042971,8618.047824426209
0.0,0.0,0.0,188.07728285953732,8189.704981032607,0.0,110,0.0,0.0,0.0,13028.834722395684,56706.82389785369,8618.047824426209
0.0,0.0,0.0,0.0,4985.389750994444,0.0,111,0.0,0.0,0.0,13028.834722395684,59437.43432242842,8618.047824426209
0.0,0.0,0.0,0.0,0.0,0.0,112,0.0,0.0,0.0,13028.834722395684,59437.43432242842,8618.047824426209
0.0,0.0,0.0,0.0,0.0,0.0,113,0.0,0.0,0.0,13028.834722395684,57528.54886037941,8618.047824426209
0.0,0.0,0.0,0.0,0.0,0.0,114,0.0,0.0,0.0,13028.834722395684,39809.72602189107,8618.047824426209
0.0,0.0,0.0,0.0,0.0,0.0,115,0.0,0.0,0.0,13028.834722395684,29579.203152221726,8618.047824426209
0.0,0.0,0.0,0.0,0.0,0.0,116,0.0,0.0,0.0,13028.834722395684,22603.0343560825,8618.047824426209
0.0,0.0,0.0,0.0,0.0,0.0,117,0.0,0.0,0.0,13028.834722395684,22603.0343560825,8618.047824426209
0.0,0.0,0.0,0.0,0.0,0.0,118,0.0,0.0,0.0,13028.834722395684,22603.0343560825,8618.047824426209
0.0,0.0,0.0,0.0,0.0,0.0,119,0.0,0.0,0.0,13028.834722395684,22603.0343560825,8618.047824426209
0.0,0.0,0.0,0.0,0.0,0.0,120,0.0,0.0,0.0,13028.834722395684,22603.0343560825,8618.047824426209
0.0,0.0,0.0,2047.596810180273,0.0,1976.3536653531937,121,0.0,0.0,0.0,13028.834722395684,39768.85555600256,8618.047824426209
0.0,0.0,0.0,2047.596810180273,0.0,1976.3536653531937,122,0.0,0.0,0.0,13028.834722395684,39768.85555600256,8618.047824426209
0.0,0.0,0.0,714.7479997424687,0.0,1976.3536653531937,123,0.0,0.0,0.0,13028.834722395684,39768.85555600256,8618.047824426209
0.0,0.0,0.0,1827.687118657231,0.0,0.0,124,0.0,0.0,0.0,13028.834722395684,39768.85555600256,7691.977958123
0.0,0.0,0.0,2047.596810180273,0.0,961.0906017617251,125,0.0,0.0,0.0,13028.834722395684,18605.079603455964,4610.077346774243
0.0,0.0,0.0,0.0,0.0,1388.4584720228743,126,0.0,0.0,0.0,13028.834722395684,18605.079603455964,5370.567372060326
0.0,0.0,0.0,2047.596810180273,0.0,1976.3536653531935,127,0.0,0.0,0.0,13028.834722395684,16074.444162742084,6453.060856182287
0.0,0.0,0.0,2047.596810180273,10934.04699049036,1976.3536653531937,128,0.0,0.0,0.0,13028.834722395684,22063.268344255128,7535.5543403042475
0.0,0.0,0.0,2047.596810180273,11591.877491195157,1976.3536653531937,129,0.0,0.0,0.0,13028.834722395684,28412.401130019105,8618.047824426209
0.0,0.0,0.0,2047.596810180273,11591.877491195157,1976.3536653531937,130,0.0,0.0,0.0,13028.834722395684,34761.53391578308,6092.2296948082985
0.0,0.0,0.0,0.0,11591.877491195157,153.6601578606286,131,0.0,0.0,0.0,13028.834722395684,41110.66670154706,6176.392829458369
0.0,0.0,0.0,2047.596810180273,11591.877491195157,1976.3536653531937,132,0.0,0.0,0.0,10411.966478635844,47459.79948731104,7258.886313580329
0.0,0.0,0.0,2047.596810180273,11591.877491195157,1976.3536653531937,133,0.0,0.0,0.0,10785.804799172964,53808.932273075014,7535.5543403042475
0.0,0.0,0.0,2047.596810180273,9900.08911239344,1976.3536653531937,134,0.0,0.0,0.0,11907.319760784323,59231.4344012442,8618.047824426209
0.0,0.0,0.0,2047.596810180273,376.1026789229181,1976.3536653531937,135,0.0,0.0,0.0,13028.834722395684,59437.43432242842,6092.2296948082985
0.0,0.0,0.0,2047.596810180273,0.0,1976.3536653531937,136,0.0,0.0,0.0,13028.834722395684,56606.67259001065,7174.723178930259
0.0,0.0,0.0,2047.596810180273,0.0,1976.3536653531937,137,0.0,0.0,0.0,13028.834722395684,56606.67259001065,8257.216663052219
0.0,0.0,0.0,2047.596810180273,0.0,1976.3536653531937,138,0.0,0.0,0.0,10411.966478635844,53770.1699009188,8618.047824426209
0.0,0.0,0.0,1079.7439798197279,0.0,1976.3536653531937,139,0.0,0.0,0.0,11003.366612713515,39768.85555600256,8618.047824426209
0.0,0.0,0.0,1170.6501098197268,0.0,1976.3536653531937,140,0.0,0.0,0.0,11644.558084807677,39768.85555600256,8618.047824426209
0.0,0.0,0.0,2047.596810180273,0.0,1976.3536653531937,141,0.0,0.0,0.0,9664.289837561606,39768.85555600256,8618.047824426209
0.0,0.0,0.0,2047.596810180273,0.0,1976.3536653531937,142,0.0,0.0,0.0,10785.804799172964,39768.85555600256,7535.5543403042475
0.0,0.0,0.0,2047.596810180273,0.0,1976.3536653531937,143,0.0,0.0,0.0,11907.319760784323,39768.85555600256,8618.047824426209
0.0,0.0,0.0,2047.596810180273,0.0,1976.3536653531937,144,0.0,0.0,0.0,13028.834722395684,39768.85555600256,8618.047824426209
0.0,0.0,0.0,0.0,0.0,0.0,145,0.0,0.0,0.0,9290.451517024489,59437.43432242842,8618.047824426209
0.0,0.0,0.0,0.0,0.0,0.0,146,0.0,0.0,0.0,9290.451517024489,59437.43432242842,8618.047824426209
0.0,0.0,0.0,0.0,0.0,0.0,147,0.0,0.0,0.0,9290.451517024489,59437.43432242842,8618.047824426209
0.0,0.0,0.0,0.0,0.0,0.0,148,0.0,0.0,0.0,9290.451517024489,59437.43432242842,8618.047824426209
0.0,0.0,0.0,0.0,0.0,0.0,149,0.0,0.0,0.0,9290.451517024489,59437.43432242842,8618.047824426209
0.0,0.0,0.0,0.0,0.0,0.0,150,0.0,0.0,0.0,9290.451517024489,59437.43432242842,8618.047824426209
0.0,0.0,0.0,0.0,0.0,0.0,151,0.0,0.0,0.0,9290.451517024489,59437.43432242842,8618.047824426209
0.0,0.0,0.0,93.53290843656036,0.0,0.0,152,0.0,0.0,0.0,9341.681600844258,59437.43432242842,8618.047824426209
0.0,0.0,0.0,1166.0687637086621,0.0,0.0,153,0.0,0.0,0.0,9980.363766329654,59437.43432242842,8618.047824426209
0.0,0.0,0.0,1065.1106681891056,0.0,0.0,154,0.0,0.0,0.0,10563.74890553623,59437.43432242842,8618.047824426209
0.0,0.0,0.0,1207.0566614676968,0.0,0.0,155,0.0,0.0,0.0,11224.881067208962,59437.43432242842,8618.047824426209
0.0,0.0,0.0,1217.8550832439723,0.0,0.0,156,0.0,0.0,0.0,11891.927768074018,59437.43432242842,8618.047824426209
0.0,0.0,0.0,1115.7701906215452,0.0,0.0,157,0.0,0.0,0.0,12503.060270469277,59437.43432242842,8618.047824426209
0.0,0.0,0.0,634.3891274254378,0.0,0.0,158,0.0,0.0,0.0,12850.52950579621,59437.43432242842,8618.047824426209
0.0,0.0,0.0,325.53929750792264,0.0,0.0,159,0.0,0.0,0.0,13028.834722395684,59437.43432242842,8618.047824426209
0.0,0.0,0.0,0.0,0.0,0.0,160,0.0,0.0,0.0,13028.834722395684,59437.43432242842,8618.047824426209
0.0,0.0,0.0,0.0,0.0,0.0,161,0.0,0.0,0.0,13028.834722395684,59437.43432242842,8618.047824426209
0.0,0.0,0.0,0.0,0.0,0.0,162,0.0,0.0,0.0,13028.834722395684,59437.43432242842,8618.047824426209
0.0,0.0,0.0,0.0,0.0,0.0,163,0.0,0.0,0.0,9290.451517024489,59437.43432242842,8618.047824426209
0.0,0.0,0.0,0.0,0.0,0.0,164,0.0,0.0,0.0,9290.451517024489,59437.43432242842,8618.047824426209
0.0,0.0,0.0,0.0,0.0,0.0,165,0.0,0.0,0.0,9290.451517024489,59437.43432242842,8618.047824426209
0.0,0.0,0.0,0.0,0.0,0.0,166,0.0,0.0,0.0,9290.451517024489,59437.43432242842,8618.047824426209
0.0,0.0,0.0,0.0,0.0,0.0,167,0.0,0.0,0.0,9290.451517024489,59437.43432242842,8618.047824426209
0.0,0.0,0.0,0.0,0.0,0.0,168,0.0,0.0,0.0,9290.451517024489,59437.43432242842,8618.047824426209
0.0,0.0,0.0,0.0,0.0,0.0,169,0.0,0.0,0.0,6622.515840374222,17476.521086227942,3205.5804038164065
0.0,0.0,0.0,0.0,0.0,0.0,170,0.0,0.0,0.0,6622.515840374222,17476.521086227942,3205.5804038164065
0.0,0.0,0.0,0.0,0.0,0.0,171,0.0,0.0,0.0,6622.515840374222,17476.521086227942,3205.5804038164065
0.0,0.0,0.0,0.0,0.0,0.0,172,0.0,0.0,0.0,6622.515840374222,17476.521086227942,3205.5804038164065
0.0,0.0,0.0,0.0,0.0,0.0,173,0.0,0.0,0.0,6622.515840374222,17476.521086227942,3205.5804038164065
0.0,0.0,0.0,0.0,0.0,0.0,174,0.0,0.0,0.0,6622.515840374222,17476.521086227942,3205.5804038164065
0.0,0.0,0.0,0.0,0.0,0.0,175,0.0,0.0,0.0,6622.515840374222,17476.521086227942,3205.5804038164065
0.0,0.0,0.0,0.0,8781.52042023425,0.0,176,0.0,0.0,0.0,6622.515840374222,22286.357909582483,3205.5804038164065
0.0,0.0,0.0,2047.5968101802732,11591.877491195157,1976.3536653531937,177,0.0,0.0,0.0,7744.030801985581,28635.49069534646,4288.073887938366
0.0,0.0,0.0,2047.596810180273,11591.877491195157,1976.3536653531937,178,0.0,0.0,0.0,8865.54576359694,34984.62348111044,5370.567372060326
0.0,0.0,0.0,2047.596810180273,11591.877491195157,1976.3536653531937,179,0.0,0.0,0.0,9987.0607252083,41333.756266874414,6453.060856182287
0.0,0.0,0.0,2047.596810180273,11591.877491195157,1976.3536653531937,180,0.0,0.0,0.0,11108.575686819659,47682.88905263839,7535.5543403042475
0.0,0.0,0.0,2047.596810180273,11591.877491195157,1976.3536653531937,181,0.0,0.0,0.0,12230.090648431018,54032.02183840237,8618.047824426209
0.0,0.0,0.0,1458.300489946738,9868.887833736992,0.0,182,0.0,0.0,0.0,13028.834722395684,59437.43432242842,8618.047824426209
0.0,0.0,0.0,0.0,0.0,0.0,183,0.0,0.0,0.0,13028.834722395684,59437.43432242842,8618.047824426209
0.0,0.0,0.0,0.0,0.0,0.0,184,0.0,0.0,0.0,13028.834722395684,59437.43432242842,8618.047824426209
0.0,0.0,0.0,0.0,0.0,0.0,185,0.0,0.0,0.0,13028.834722395684,58427.99139111419,8618.047824426209
0.0,0.0,0.0,0.0,0.0,0.0,186,0.0,0.0,0.0,13028.834722395684,51060.75010595865,8618.047824426209
0.0,0.0,0.0,0.0,0.0,0.0,187,0.0,0.0,0.0,9290.451517024485,29896.974153412048,8618.047824426209
0.0,0.0,0.0,0.0,0.0,0.0,188,0.0,0.0,0.0,9290.451517024485,29896.974153412048,8618.047824426209
0.0,0.0,0.0,0.0,0.0,0.0,189,0.0,0.0,0.0,8472.628989196179,17476.521086227942,8618.047824426209
0.0,0.0,0.0,0.0,0.0,0.0,190,0.0,0.0,0.0,8288.581198159387,17476.521086227942,8618.047824426209
0.0,0.0,0.0,0.0,0.0,0.0,191,0.0,0.0,0.0,6650.819608007907,17476.521086227942,5009.736210686338
0.0,0.0,0.0,0.0,0.0,0.0,192,0.0,0.0,0.0,6622.515840374222,17476.521086227942,3205.5804038164065
0.0,0.0,0.0,0.0,0.0,0.0,193,0.0,0.0,0.0,9290.451517024485,46204.376695665225,3311.9975688852546
0.0,0.0,0.0,0.0,0.0,0.0,194,0.0,0.0,0.0,9290.451517024485,46204.376695665225,3311.9975688852546
0.0,0.0,0.0,0.0,0.0,0.0,195,0.0,0.0,0.0,9290.451517024485,46204.376695665225,3311.9975688852546
0.0,0.0,0.0,0.0,0.0,0.0,196,0.0,0.0,0.0,9290.451517024485,46204.376695665225,3311.9975688852546
0.0,0.0,0.0,0.0,0.0,0.0,197,0.0,0.0,0.0,9290.451517024485,46204.376695665225,3311.9975688852546
0.0,0.0,0.0,0.0,0.0,0.0,198,0.0,0.0,0.0,9000.752706865675,46204.376695665225,3311.9975688852546
0.0,0.0,0.0,0.0,0.0,0.0,199,0.0,0.0,0.0,9000.752706865675,46204.376695665225,3311.9975688852546
0.0,0.0,0.0,0.0,0.0,0.0,200,0.0,0.0,0.0,9000.752706865675,46204.376695665225,3311.9975688852546
0.0,0.0,0.0,0.0,0.0,1782.0633926399962,201,0.0,0.0,0.0,9000.752706865675,46204.376695665225,4288.073887938366
0.0,0.0,0.0,0.0,3832.56178677678,1976.3536653531937,202,0.0,0.0,0.0,9000.752706865675,48303.55723931518,5370.567372060326
0.0,0.0,0.0,2047.5968101802728,2262.71169634588,1976.3536653531937,203,0.0,0.0,0.0,10122.267668477032,49542.8954765346,6453.060856182287
0.0,0.0,0.0,2047.5968101802732,5007.95587787668,1976.3536653531937,204,0.0,0.0,0.0,11243.782630088392,52285.86587783824,7535.5543403042475
0.0,0.0,0.0,0.0,9866.978797104312,0.0,205,0.0,0.0,0.0,11243.782630088392,57690.23273943746,7535.5543403042475
0.0,0.0,0.0,2047.5968101802728,3189.9390650429254,1976.3536653531937,206,0.0,0.0,0.0,12365.297591699753,59437.43432242842,8618.047824426209
0.0,0.0,0.0,1211.4475140813836,0.0,0.0,207,0.0,0.0,0.0,13028.834722395684,59437.43432242842,8618.047824426209
0.0,0.0,0.0,0.0,0.0,0.0,208,0.0,0.0,0.0,13028.834722395684,59437.43432242842,8618.047824426209
0.0,0.0,0.0,0.0,0.0,0.0,209,0.0,0.0,0.0,13028.834722395684,59437.43432242842,6028.033227030934
0.0,0.0,0.0,0.0,0.0,0.0,210,0.0,0.0,0.0,13028.834722395684,59437.43432242842,6028.033227030934
0.0,0.0,0.0,0.0,0.0,0.0,211,0.0,0.0,0.0,9290.451517024485,46204.376695665225,3311.9975688852546
0.0,0.0,0.0,0.0,0.0,0.0,212,0.0,0.0,0.0,9290.451517024485,46204.376695665225,3311.9975688852546
0.0,0.0,0.0,0.0,0.0,0.0,213,0.0,0.0,0.0,9290.451517024485,46204.376695665225,3311.9975688852546
0.0,0.0,0.0,0.0,0.0,0.0,214,0.0,0.0,0.0,9290.451517024485,46204.376695665225,3311.9975688852546
0.0,0.0,0.0,0.0,0.0,0.0,215,0.0,0.0,0.0,9290.451517024485,46204.376695665225,3311.9975688852546
0.0,0.0,0.0,0.0,0.0,0.0,216,0.0,0.0,0.0,9290.451517024485,46204.376695665225,3311.9975688852546
0.0,0.0,0.0,2047.596810180273,9071.46554203366,1976.3536653531935,217,0.0,0.0,0.0,3371.178012461617,5314.087864750731,2164.9869682439203
0.0,0.0,0.0,2047.596810180273,2320.539238577417,0.0,218,0.0,0.0,0.0,4492.692974072977,6585.099551295444,2164.9869682439203
0.0,0.0,0.0,2047.596810180273,7726.891228863751,0.0,219,0.0,0.0,0.0,5614.207935684336,10817.292176732934,2164.9869682439203
0.0,0.0,0.0,0.0,0.0,0.0,220,0.0,0.0,0.0,5614.207935684336,10817.292176732934,2164.9869682439203
0.0,0.0,0.0,2047.5968101802732,2674.7817972945068,1976.353665353194,221,0.0,0.0,0.0,6735.7228972956955,12282.330503515348,3247.4804523658804
0.0,0.0,0.0,2047.596810180273,7542.795490117408,0.0,222,0.0,0.0,0.0,7857.237858907056,16413.689740100886,3247.4804523658804
0.0,0.0,0.0,0.0,10087.067030693677,1976.353665353194,223,0.0,0.0,0.0,7857.237858907056,21938.60389187847,4329.973936487841
0.0,0.0,0.0,0.0,8340.995660744722,0.0,224,0.0,0.0,0.0,7857.237858907056,26507.155367321066,4329.973936487841
0.0,0.0,0.0,2047.5968101802728,11591.877491195159,801.3639907438917,225,0.0,0.0,0.0,8978.752820518414,32856.28815308504,4768.899070990631
0.0,0.0,0.0,2047.596810180273,11591.877491195159,1098.4910021056057,226,0.0,0.0,0.0,10100.267782129773,39205.42093884903,5370.567372060326
0.0,0.0,0.0,342.78315282949416,11591.877491195159,0.0,227,0.0,0.0,0.0,10288.017847267227,45554.553724613004,5370.567372060326
0.0,0.0,0.0,2047.5968101802728,8156.413188497784,0.0,228,0.0,0.0,0.0,11409.532808878586,50022.00521628588,5370.567372060326
0.0,0.0,0.0,2047.596810180273,6832.190910979952,1976.3536653531935,229,0.0,0.0,0.0,12531.047770489948,53764.150295411375,6453.060856182287
0.0,0.0,0.0,908.8304746350376,0.0,0.0,230,0.0,0.0,0.0,13028.834722395684,53764.150295411375,6453.060856182287
0.0,0.0,0.0,0.0,10357.952122436609,1976.3536653531935,231,0.0,0.0,0.0,13028.834722395684,59437.43432242842,7535.5543403042475
0.0,0.0,0.0,0.0,0.0,1976.3536653531935,232,0.0,0.0,0.0,13028.834722395684,59437.43432242842,8618.047824426209
0.0,0.0,0.0,0.0,0.0,0.0,233,0.0,0.0,0.0,13028.834722395684,59437.43432242842,8618.047824426209
0.0,0.0,0.0,0.0,0.0,0.0,234,0.0,0.0,0.0,10234.688905260158,39160.788098651305,8081.772791614088
0.0,0.0,0.0,0.0,0.0,0.0,235,0.0,0.0,0.0,6496.3056998889615,17997.01214610471,4473.461177874219
0.0,0.0,0.0,0.0,0.0,0.0,236,0.0,0.0,0.0,2757.922494517763,4577.7257476461455,1050.4987734627994
0.0,0.0,0.0,0.0,0.0,0.0,237,0.0,0.0,0.0,694.7618766174957,0.0,0.0
0.0,0.0,0.0,0.0,0.0,0.0,238,0.0,0.0,0.0,694.7618766174957,0.0,0.0
0.0,0.0,0.0,791.2513492149088,0.0,0.0,239,0.0,0.0,0.0,1128.1480892388986,0.0,0.0
0.0,0.0,0.0,2047.596810180273,630.6871115944648,1976.3536653531937,240,0.0,0.0,0.0,2249.6630508502576,345.44155774806643,1082.4934841219601
